<?xml version="1.0" encoding="UTF-8"?>
<project-private xmlns="http://www.netbeans.org/ns/project-private/1">
    <editor-bookmarks xmlns="http://www.netbeans.org/ns/editor-bookmarks/2" lastBookmarkId="0"/>
    <open-files xmlns="http://www.netbeans.org/ns/projectui-open-files/2">
        <group>
            <file>file:/C:/Users/user/Documents/NetBeansProjects/Pharmacy/src/Login.java</file>
            <file>file:/C:/Users/user/Documents/NetBeansProjects/Pharmacy/src/dao/ConnectionProvider.java</file>
            <file>file:/C:/Users/user/Documents/NetBeansProjects/Pharmacy/src/common/OpenPdf.java</file>
            <file>file:/C:/Users/user/Documents/NetBeansProjects/Pharmacy/src/dao/tables.java</file>
            <file>file:/C:/Users/user/Documents/NetBeansProjects/Pharmacy/src/dao/PharmacyUtils.java</file>
            <file>file:/C:/Users/user/Documents/NetBeansProjects/Pharmacy/src/AddMedicine.java</file>
            <file>file:/C:/Users/user/Documents/NetBeansProjects/Pharmacy/src/SellMedicine.java</file>
            <file>file:/C:/Users/user/Documents/NetBeansProjects/Pharmacy/src/UpdateMedicine.java</file>
        </group>
    </open-files>
</project-private>
